{"cLassification_loss": 1.1602214574813843, "arousal_loss": 0.0049771456979215145, "valence_loss": 0.01048429124057293, "_timestamp": 1682363816.5720205, "_runtime": 1749.0540344715118, "_step": 2283}