{"cLassification_loss": 1.8362867832183838, "arousal_loss": 0.0067018987610936165, "valence_loss": 0.013017273508012295, "_timestamp": 1682531207.4152057, "_runtime": 41.79810166358948, "_step": 3}