{"cLassification_loss": 1.886297583580017, "arousal_loss": 0.004607721697539091, "valence_loss": 0.014632226899266243, "_timestamp": 1682531532.6404705, "_runtime": 49.27489447593689, "_step": 18}