{"cLassification_loss": 1.3007115125656128, "arousal_loss": 0.005138890352100134, "valence_loss": 0.010503889061510563, "_timestamp": 1682619242.4605536, "_runtime": 41726.475264549255, "_step": 25838}