{"cLassification_loss": 1.8753275871276855, "arousal_loss": 0.005725278053432703, "valence_loss": 0.012280011549592018, "_timestamp": 1682540729.0570195, "_runtime": 8107.217542409897, "_step": 5230}