{"cLassification_loss": 1.8714977502822876, "arousal_loss": 0.005985022988170385, "valence_loss": 0.015731263905763626, "_timestamp": 1682561531.2090154, "_runtime": 20552.533596277237, "_step": 14494}