{"cLassification_loss": 1.1602798700332642, "arousal_loss": 0.004955442622303963, "valence_loss": 0.009332525543868542, "_timestamp": 1682715439.1008654, "_runtime": 67454.48738241196, "_step": 42275}