{"cLassification_loss": 1.8721773624420166, "arousal_loss": 0.005658981390297413, "valence_loss": 0.013073823414742947, "_timestamp": 1682577223.4454381, "_runtime": 15459.474689245224, "_step": 10753}